recipient_id,recipient_name,recipient_email,campaign_id,campaign_name,campaign_type,send_date,opened_at,clicked_at,bounced,transaction_id,transaction_date,transaction_amount
100000,Morgan Andersson,morgan.andersson+100000@example.com,3,Offers tailored just for you,promo,2025-07-10 05:06:54,,,False,,,
100001,Dakota Johansson,dakota.johansson+100001@example.com,5,Our monthly newsletter,newsletter,2025-11-24 17:11:34,,,True,500001.0,2025-12-23,USD 75.00
100002,Charlie Andersson,charlie.andersson+100002@example.com,5,Our monthly newsletter,newsletter,2025-06-04 10:36:08,2025-06-06 19:54:08,2025-06-08 12:08:08,False,500002.0,2025-06-04,41.43
100003,Jamie Wilson,jamie.wilson+100003@example.com,3,Offers tailored just for you,promotions,2025-08-04 19:53:50,,,False,500003.0,2025-08-15,63.83
100004,Quinn Larsson,quinn.larsson+100004@example.com,3,Offers tailored just for you,promo,2026-10-21 06:26:24,2026-10-21 12:23:24,,False,500004.0,2026-12-08,103.3
100005,Taylor Lewis,taylor.lewis+100005@example.com,3,Offers tailored just for you,promo,2026-10-07 05:13:24,2026-10-07 04:33:24,,False,500005.0,2026-10-31,39.3
100006,Taylor Berg,taylor.berg+100006@example.com,2,You almost completed your order,abandoned cart,2026-08-24 11:02:18,2026-08-24 09:50:18,,False,500006.0,2026-10-21,39.3
100007,Robin Karlsson,robin.karlsson+100007@example.com,3,Offers tailored just for you,promo,2025-10-03 22:43:33,2025-10-04 08:29:33,,False,500007.0,2025-11-03,106.54
100008,Jamie Martin,jamie.martin+100008@example.com,4,Thanks for choosing us,transactional,2025-07-29 16:11:31,2025-07-30 22:12:31,,False,,,
100009,Jordan Lindberg,jordan.lindberg+100009@example.com,1,Welcome to the club,welcome,2026-09-18 07:08:29,2026-09-19 11:58:29,,False,500009.0,2026-10-28,68.18
100010,Riley Taylor,riley.taylor+100010@example.com,4,Thanks for choosing us,transactional,2026-11-19 03:41:21,2026-11-20 15:52:21,2026-11-22 06:12:21,False,500010.0,2027-02-01,34.53
100011,Blake Brown,blake.brown+100011@example.com,3,Offers tailored just for you,promo,2025-06-20 08:26:06,2025-06-23 03:50:06,2025-06-23 07:03:06,False,,,
100012,Casey Karlsson,casey.karlsson+100012@example.com,4,Thanks for choosing us,transactional,2026-04-09 05:52:12,2026-04-09 09:52:12,2026-04-09 08:52:12,False,,,
100013,Alex Larsson,alex.larsson+100013@example.com,5,Our monthly newsletter,newsletter,2026-08-07 05:22:36,2026-08-07 20:37:36,2026-08-08 07:25:36,False,500013.0,2026-09-09,60.24
100014,Charlie Karlsson,charlie.karlsson+100014@example.com,5,Our monthly newsletter,newsletter,2026-12-10 20:36:57,2026-12-13 17:56:57,,False,500014.0,2026-12-30,34.64
100015,Dakota Clark,dakota.clark+100015@example.com,1,Welcome to the club,welcome,2026-04-11 05:08:10,2026-04-13 06:43:10,,False,,,
100016,Drew Lindberg,drew.lindberg+100016@example.com,1,Welcome to the club,welcome,2025-07-07 02:10:18,2025-07-06 23:59:18,,False,500016.0,2025-09-07,34.6
100017,Taylor Lewis,taylor.lewis+100017@example.com,2,Welcome to the club,abandoned cart,2025-04-10 17:23:25,,,False,500017.0,2025-06-16,51.06
100018,Finley Wilson,finley.wilson+100018@example.com,2,You almost completed your order,abandoned cart,2026-12-23 12:12:09,,,False,500018.0,2027-01-31,15.61
100019,Quinn Smith,quinn.smith+100019@example.com,4,Thanks for choosing us,transactional,2026-11-30 18:01:19,2026-12-02 00:43:19,2026-12-02 02:10:19,False,,,
100020,Avery Lindberg,avery.lindberg+100020@example.com,1,Welcome to the club,welcome,2025-02-25 03:24:25,2025-02-25 07:24:25,2025-02-25 06:24:25,False,,,
100021,Taylor Clark,taylor.clark+100021@example.com,2,You almost completed your order,abandoned cart,2025-08-05 07:11:32,2025-08-06 01:16:32,,False,,,
100022,Emerson Taylor,emerson.taylor+100022@example.com,2,You almost completed your order,abandoned cart,2026-09-02 10:21:58,2026-09-02 23:15:58,2026-09-04 04:41:58,False,500022.0,2026-10-24,17.31
100023,Parker Berg,parker.berg+100023@example.com,1,Our monthly newsletter,welcome,2025-02-17 01:54:07,2025-02-17 16:51:07,2025-02-18 05:51:07,False,500023.0,2025-03-06,32.81
100024,Blake Karlsson,blake.karlsson+100024@example.com,3,Offers tailored just for you,promo,2025-12-26 08:00:44,,,False,500024.0,2026-03-06,25.61
100025,Morgan Berg,morgan.berg+100025@example.com,5,Our monthly newsletter,marketing,2026-10-12 08:41:01,,,True,500025.0,2026-11-11,53.14
100026,Jamie Wilson,jamie.wilson+100026@example.com,4,Thanks for choosing us,transactional,2026-01-09 21:10:16,2026-01-10 05:12:16,2026-01-10 05:21:16,False,,,
ABC,Cameron Martin,cameron.martin+100027@example.com,3,Offers tailored just for you,promo,2025-11-25 13:25:51,,,False,,,
100028,Reese Nilsson,reese.nilsson+100028@example.com,2,You almost completed your order,abandoned cart,2025-08-19 11:02:05,2025-08-19 19:23:05,,False,500028.0,2025-11-01,27.13
100029,Reese Clark,reese.clark+100029@example.com,5,Our monthly newsletter,newsletter,2025-05-03 06:45:31,,,True,500029.0,2025-05-26,20.56
100030,Taylor Johansson,taylor.johansson+100030@example.com,2,You almost completed your order,abandoned cart,2025-11-10 14:55:18,,,False,500030.0,2026-01-25,100.09
100031,Jordan Johansson,jordan.johansson+100031@example.com,4,Thanks for choosing us,transactional,2026-05-26 14:19:26,2026-05-28 01:57:26,2026-05-28 23:24:26,False,500031.0,2026-07-15,39.48
100032,Casey Hansen,casey.hansen+100032@example.com,4,Thanks for choosing us,transactional,2025-09-03 13:58:12,,,False,500032.0,2025-11-21,46.39
100033,Emerson Larsson,emerson.larsson+100033@example.com,1,Welcome to the club,welcome,2026-02-22 14:13:54,2026-02-24 13:54:54,,False,,,
100034,Robin Hansen,robin.hansen+100034@example.com,2,You almost completed your order,abandoned cart,2025-12-07 08:21:08,2025-12-07 09:27:08,,False,500034.0,2026-03-01,20.42
100035,Morgan Nilsson,morgan.nilsson+100035@example.com,3,Offers tailored just for you,promo,2025-03-31 15:44:46,,,False,500035.0,2025-05-06,33.13
100036,Finley Eriksson,finley.eriksson+100036@example.com,3,Offers tailored just for you,promo,2025-06-08 03:19:44,,,False,500036.0,2025-07-10,47.51
100037,Jordan Johansson,jordan.johansson+100037@example.com,4,Thanks for choosing us,transactional,2026-10-07 04:10:08,2026-10-07 22:03:08,,False,500037.0,2026-12-02,23.74
100038,,dakota.wilson+100038@example.com,5,Our monthly newsletter,newsletter,2025-01-08 12:15:22,,,False,,,
100039,Casey Lewis,casey.lewis+100039@example.com,1,Welcome to the club,welcome,2026-10-11 05:58:43,2026-10-13 16:40:43,2026-10-14 13:43:43,False,500039.0,2026-10-16,54.96
100040,Robin Eriksson,robin.eriksson+100040@example.com,2,You almost completed your order,abandoned cart,2026-06-03 00:32:23,,,False,,,
100041,Blake Nilsson,blake.nilsson+100041@example.com,2,You almost completed your order,abandoned cart,2026-11-03 13:25:06,,,False,500041.0,2026-12-25,32.13
100042,Alex Karlsson,alex.karlsson+100042@example.com,3,Offers tailored just for you,promo,2026-08-31 16:44:28,,,False,,,
100043,Avery Svensson,avery.svensson+100043@example.com,2,You almost completed your order,abandoned cart,2026-09-04 13:43:28,2026-09-04 19:02:28,,False,500043.0,2026-11-01,38.08
100044,Robin Hansen,robin.hansen+100044@example.com,2,You almost completed your order,abandoned cart,2025-06-23 03:35:46,,,True,500044.0,2025-08-04,32.11
100045,Cameron Johansson,cameron.johansson+100045@example.com,3,Offers tailored just for you,promo,2025-09-30 17:50:17,2025-10-02 15:04:17,,False,500045.0,2025-11-02,123.81
100046,Jamie Svensson,jamie.svensson+100046@example.com,1,Welcome to the club,welcome,2025-03-26 04:46:11,2025-03-27 23:37:11,,False,,,
100047,Morgan Brown,morgan.brown+100047@example.com,5,Our monthly newsletter,newsletter,2025-05-28 15:19:30,2025-05-28 15:34:30,,False,,,
100048,Riley Smith,riley.smith+100048@example.com,4,Thanks for choosing us,transactional,2025-02-24 08:24:22,,,False,,,
100049,Morgan Hansen,morgan.hansen+100049@example.com,5,Our monthly newsletter,newsletter,2025-08-29 05:29:02,2025-08-30 21:53:02,,False,500049.0,2025-11-22,44.37
100050,Quinn Karlsson,quinn.karlsson+100050@example.com,5,Our monthly newsletter,newsletter,2026-03-19 00:53:27,2026-03-19 00:58:27,2026-03-19 15:19:27,False,500050.0,2026-06-01,24.98
100051,Finley Müller,finley.müller+100051@example.com,4,Thanks for choosing us,transactional,2025-12-10 03:29:17,2025-12-12 20:07:17,,False,,,
100052,Jamie Johansson,jamie.johansson+100052@example.com,3,Offers tailored just for you,promo,2026-02-05 08:43:18,2026-02-05 21:30:18,,False,,,
100053,Drew Lindberg,drew.lindberg+100053@example.com,2,You almost completed your order,abandoned cart,2025-04-25 10:52:37,,,True,500053.0,2025-06-24,70.27
-25,Finley Johansson,finley.johansson+100054@example.com,4,Thanks for choosing us,transactional,2025-11-18 21:44:25,2025-11-21 02:11:25,,False,500054.0,2026-02-09,22.84
100055,Alex Larsson,alex.larsson+100055@example.com,4,Thanks for choosing us,transactional,2025-06-19 23:29:40,,,False,500055.0,2025-06-25,50.14
100056,Dakota Lindberg,dakota.lindberg+100056@example.com,1,Welcome to the club,welcome,2025-12-21 13:03:54,2025-12-23 08:24:54,,False,,,
100057,Finley Clark,finley.clark+100057@example.com,4,Thanks for choosing us,transactional,2026-10-08 02:55:53,2026-10-09 00:40:53,,False,500057.0,2026-11-10,15.21
100058,Avery Svensson,avery.svensson+100058@example.com,5,Our monthly newsletter,newsletter,2026-01-12 09:32:35,2026-01-12 20:08:35,,False,500058.0,2026-02-23,21.53
100059,Sam Lewis,sam.lewis+100059@example.com,1,Welcome to the club,welcome,2025-04-18 11:28:46,2025-04-19 08:21:46,,False,500059.0,2025-06-09,USD 75.00
100060,Sam Lewis,sam.lewis+100060@example.com,4,Thanks for choosing us,transactional,2025-11-19 22:35:36,,,False,500060.0,2026-02-01,67.1
100061,Alex Brown,alex.brown+100061@example.com,4,Thanks for choosing us,transactional,2025-01-05 13:54:39,2025-01-07 19:10:39,,False,,,
100062,Blake Lewis,blake.lewis+100062@example.com,5,Our monthly newsletter,newsletter,2026-09-14 06:37:24,2026-09-15 12:36:24,2026-09-16 21:46:24,False,500062.0,2026-10-27,49.12
100063,Quinn Karlsson,quinn.karlsson+100063@example.com,4,Thanks for choosing us,transactional,2026-12-16 05:29:53,2026-12-16 09:11:53,,False,,,
100064,Alex Johansson,alex.johansson+100064@example.com,4,Thanks for choosing us,transactional,2025-04-16 09:37:18,2025-04-17 21:10:18,2025-04-18 11:37:18,False,500064.0,2025-05-29,-1.50
100065,Quinn Svensson,quinn.svensson+100065@example.com,4,Thanks for choosing us,transactional,2025-07-15 22:40:55,2025-07-16 05:48:55,,False,500065.0,2025-10-06,37.88
100066,Taylor Berg,taylor.berg+100066@example.com,1,Welcome to the club,welcome,2025-07-12 01:41:41,2025-07-12 22:31:41,2025-07-14 06:51:41,False,,,
100067,Emerson Eriksson,emerson.eriksson+100067@example.com,4,Thanks for choosing us,transactional,2026-06-28 06:58:19,2026-06-28 22:38:19,,False,500067.0,2026-08-06,19.82
100068,Morgan Andersson,morgan.andersson+100068@example.com,3,Offers tailored just for you,promo,2026-03-24 05:37:44,,,False,500068.0,2026-04-18,30.09
100069,Taylor Lindberg,taylor.lindberg+100069@example.com,1,You almost completed your order,welcome,2026-06-26 12:37:10,,,False,,,
100070,Morgan Berg,morgan.berg+100070@example.com,3,Offers tailored just for you,promo,2026-02-18 19:05:28,2026-02-21 16:11:28,,False,500070.0,2026-04-12,34.7
100071,Reese Larsson,reese.larsson+100071@example.com,4,Thanks for choosing us,transactional,2025-10-09 07:40:27,,,False,,,
100072,Blake Karlsson,blake.karlsson+100072@example.com,5,Our monthly newsletter,newsletter,2026-05-21 05:24:18,nan,nan,False,500072.0,2026-07-21,79.95
100073,Parker Wilson,parker.wilson+100073@example.com,5,Our monthly newsletter,newsletter,2025-07-28 11:15:19,2025-07-28 23:06:19,2025-07-30 05:53:19,False,500073.0,2025-09-25,54.0
100074,Emerson Brown,emerson.brown+100074@example.com,3,Offers tailored just for you,promo,2025-01-23 07:00:24,2025-01-26 01:36:24,2025-01-26 19:15:24,False,500074.0,2025-04-09,16.95
100075,Cameron Lewis,cameron.lewis+100075@example.com,1,Welcome to the club,welcome,2026-02-06 06:37:47,2026-02-08 14:08:47,,False,900075.0,2026-02-06,-1.50
100076,Reese Taylor,reese.taylor+100076@example.com,4,Thanks for choosing us,transactional,2026-09-08 21:20:24,,,True,500076.0,2026-10-29,53.42
100077,Avery Hansen,avery.hansen+100077@example.com,5,Our monthly newsletter,newsletter,2025-10-14 15:02:23,2025-10-14 14:40:23,,False,500077.0,2025-11-28,36.17
100078,Parker Svensson,parker.svensson+100078@example.com,3,Offers tailored just for you,promo,2025-07-15 06:30:15,,,False,500078.0,2025-09-21,30.81
100079,Jamie Eriksson,jamie.eriksson+100079@example.com,2,You almost completed your order,abandoned cart,2026-07-28 16:35:19,,,False,920079.0,2026-07-21,
100080,Charlie Hansen,charlie.hansen+100080@example.com,1,Welcome to the club,welcome,2026-10-09 17:19:03,2026-10-10 17:50:03,2026-10-12 06:18:03,False,500080.0,2026-10-14,62.58
100081,Jordan Lewis,jordan.lewis+100081@example.com,3,Offers tailored just for you,promo,2026-06-26 16:48:08,2026-06-29 11:51:08,2026-06-29 12:42:08,False,500081.0,2026-08-25,78.81
100082,Reese Martin,reese.martin+100082@example.com,3,Offers tailored just for you,promo,2025-05-24 04:47:16,2025-05-26 22:02:16,2025-05-27 02:30:16,False,500082.0,2025-06-02,74.6
100083,Emerson Berg,emerson.berg+100083@example.com,2,You almost completed your order,abandoned cart,2025-04-26 21:14:40,,,False,500004.0,2025-05-27,28.17
100084,Morgan Lewis,morgan.lewis+100084@example.com,4,Thanks for choosing us,transactional,2026-04-16 22:34:48,2026-04-19 21:56:48,,False,,,
-25,Drew Wilson,drew.wilson+100085@example.com,3,Offers tailored just for you,promo,2026-03-18 16:01:17,2026-03-19 05:35:17,,False,500085.0,2026-04-14,37.71
100086,Cameron Johansson,cameron.johansson+100086@example.com,2,You almost completed your order,abandoned cart,2025-07-06 07:24:39,2025-07-06 07:47:39,,False,,,
100087,Reese Hansen,reese.hansen+100087@example.com,1,Welcome to the club,welcome,2025-06-29 19:01:47,2025-07-02 09:02:47,2025-07-03 00:59:47,False,920087.0,2025-05-30,
100088,Emerson Eriksson,emerson.eriksson+100088@example.com,4,Thanks for choosing us,transactional,2025-03-31 03:35:07,2025-04-01 15:53:07,,False,500088.0,2025-04-21,53.63
100089,Drew Hansen,drew.hansen+100089@example.com,4,Thanks for choosing us,transactional,2025-04-07 14:07:12,2025-04-09 21:06:12,,False,500089.0,2025-06-09,76.44
100090,Parker Johansson,parker.johansson+100090@example.com,5,Our monthly newsletter,newsletter,2025-01-31 23:03:31,,,False,920090.0,,
100091,Alex Johansson,alex.johansson+100091@example.com,2,You almost completed your order,abandoned cart,2026-06-08 17:49:57,2026-06-08 20:40:57,,False,,,
100092,Cameron Berg,cameron.berg+100092@example.com,2,You almost completed your order,abandoned cart,2026-01-01 10:46:15,2026-01-03 00:46:15,2026-01-04 16:44:15,False,500092.0,2026-03-04,
100093,Taylor Taylor,taylor.taylor+100093@example.com,3,Offers tailored just for you,promo,2025-11-14 04:09:36,2025-11-15 02:08:36,2025-11-17 01:30:36,False,500093.0,2026-02-06,40.36
100094,Quinn Lewis,quinn.lewis+100094@example.com,1,Welcome to the club,welcome,2025-12-20 06:34:10,2025-12-20 22:25:10,,False,500094.0,2026-02-23,24.33
100095,Alex Lewis,alex.lewis+100095@example.com,4,Thanks for choosing us,transactional,2025-11-17 23:29:35,,,True,500095.0,2026-02-04,23.15
100096,Reese Martin,reese.martin+100096@example.com,1,Welcome to the club,welcome,2025-06-08 02:36:02,2025-06-09 17:57:02,,yes,,,
100097,Morgan Andersson,morgan.andersson+100097@example.com,5,Our monthly newsletter,newsletter,2026-09-13 20:17:16,2026-09-13 22:11:16,,False,500097.0,2026-09-27,69.89
100098,Parker Larsson,parker.larsson+100098@example.com,2,You almost completed your order,abandoned cart,2026-01-23 02:23:33,2026-01-24 15:44:33,,False,500098.0,2026-03-24,94.25
100099,Avery Martin,avery.martin+100099@example.com,5,Our monthly newsletter,newsletter,2025-04-23 08:19:18,,,False,500099.0,2025-05-10,42.97
100100,Taylor Svensson,taylor.svensson+100100@example.com,4,Thanks for choosing us,transactional,2025-09-21 23:44:01,2025-09-22 00:07:01,2025-09-22 20:30:01,False,,,
100101,Emerson Taylor,emerson.taylor+100101@example.com,2,You almost completed your order,abandoned cart,2025-12-13 20:14:48,2025-12-15 23:46:48,,False,500101.0,2026-01-06,77.63
100102,Avery Brown,avery.brown+100102@example.com,2,Offers tailored just for you,abandoned cart,2026-10-27 21:14:18,2026-10-30 13:50:18,,False,,,
100103,Quinn Nilsson,quinn.nilsson+100103@,4,Thanks for choosing us,transactional,2025-01-29 18:05:44,,,False,500103.0,2025-02-10,54.54
100104,Parker Larsson,parker.larsson+100104@example.com,5,Our monthly newsletter,newsletter,2026-12-09 03:51:46,,,False,500104.0,2027-03-02,31.35
100105,Casey Johansson,casey.johansson+100105@example.com,4,Thanks for choosing us,transactional,2026-08-31 00:41:14,2026-09-02 06:59:14,,False,,,
100106,Dakota Brown,dakota.brown+100106@example.com,3,Offers tailored just for you,promo,2026-05-02 20:23:00,,,False,,,
100107,Jordan Johansson,jordan.johansson+100107@example.com,2,You almost completed your order,abandoned cart,2026-05-06 05:41:38,2026-05-07 12:46:38,,False,500107.0,2026-05-18,54.53
100108,Morgan Martin,morgan.martin+100108@example.com,2,You almost completed your order,abandoned cart,2026-06-24 01:07:09,2026-06-25 21:26:09,,False,500108.0,2026-08-10,104.16
100109,Blake Nilsson,blake.nilsson+100109@example.com,2,You almost completed your order,abandoned cart,2026-02-17 13:39:28,2026-02-18 14:16:28,2026-02-18 19:40:28,False,,,
100110,Quinn Lindberg,quinn.lindberg+100110@example.com,4,Thanks for choosing us,transactional,2026-12-11 00:21:58,2026-12-12 11:03:58,,False,900110.0,2026-12-11,49.99
100111,Parker Hansen,parker.hansen+100111@example.com,5,Our monthly newsletter,newsletter,2025-05-03 16:52:44,,,False,,,
100112,Drew Wilson,drew.wilson+100112@example.com,3,Offers tailored just for you,promo,2025-12-21 20:02:12,2025-12-24 00:35:12,,False,500112.0,2026-02-07,43.83
100113,Emerson Smith,emerson.smith+100113@example.com,5,Our monthly newsletter,newsletter,2025-08-18 19:27:39,2025-08-21 01:31:39,2025-08-22 16:10:39,False,,,
100114,Jordan Taylor,jordan.taylor+100114@example.com,3,Offers tailored just for you,promo,2026-08-26 12:51:35,2026-08-28 12:59:35,2026-08-29 01:58:35,true,,,
100115,Casey Larsson,casey.larsson+100115@example.com,1,Welcome to the club,welcome,2025-08-28 22:55:34,2025-08-31 00:45:34,,False,500115.0,2025-10-04,105.69
100116,Sam Wilson,sam.wilson+100116@example.com,2,You almost completed your order,abandoned cart,2025-06-05 23:05:10,2025-06-05 22:12:10,,False,,,
100117,Jamie Svensson,jamie.svensson+100117@example.com,4,Thanks for choosing us,transactional,2026-09-19 10:02:06,,,False,,,
100118,Parker Johansson,parker.johansson+100118@example.com,2,You almost completed your order,abandoned cart,2026-08-09 18:24:09,,,False,,,
ABC,Quinn Lewis,quinn.lewis+100119@example.com,3,Offers tailored just for you,promo,2025-03-12 03:22:03,2025-03-12 20:16:03,,False,,,
100120,Cameron Brown,cameron.brown+100120@example.com,3,Offers tailored just for you,promo,2025-03-26 03:43:03,2025-03-28 00:32:03,,False,500120.0,2025-02-28,10.58
100121,Parker Hansen,parker.hansen+100121@example.com,4,Thanks for choosing us,transactional,2025-04-01 14:59:49,,,False,500121.0,2025-06-03,49.99sek
100122,Morgan Larsson,morgan.larsson+100122@example.com,2,You almost completed your order,abandoned cart,2026-11-21 03:42:44,2026-11-23 06:23:44,nan,False,,,
100123,Dakota Wilson,dakota.wilson+100123@example.com,5,,newsletter,2026-07-31 12:53:50,,,False,,,
100124,Reese Wilson,reese.wilson+100124@example.com,3,Offers tailored just for you,promo,2025-01-26 09:52:32,2025-01-28 22:36:32,,False,,,
100125,Morgan Smith,morgan.smith+100125@example.com,5,Our monthly newsletter,newsletter,2026-12-02 08:50:08,2026-12-04 15:13:08,2026-12-04 23:34:08,False,,,
100126,Parker Johansson,parker.johansson+100126@example.com,2,You almost completed your order,abandoned cart,2026-05-14 10:14:17,,,False,500126.0,2026-06-25,46.89
100127,Avery Nilsson,avery.nilsson+100127@example.com,5,Our monthly newsletter,newsletter,2025-06-09 09:18:33,,,False,500127.0,2025-07-06,37.92
100128,Avery Müller,avery.müller+100128@example.com,2,You almost completed your order,abandoned cart,2026-09-05 13:23:06,2026-09-06 09:10:06,,1,500128.0,2026-09-27,47.02
100129,Morgan Andersson,morgan.andersson+100129@example.com,2,You almost completed your order,abandoned cart,2025-01-12 13:00:59,,,False,,,
100130,Alex Karlsson,alex.karlsson+100130@example.com,3,Offers tailored just for you,promo,2025-02-10 16:47:18,2025-02-11 08:20:18,,False,500130.0,2025-03-28,14.98
100131,Charlie Larsson,charlie.larsson+100131@example.com,4,Thanks for choosing us,transactional,2026-01-27 08:14:02,2026-01-30 07:27:02,2026-02-01 03:23:02,False,,,
100132,Jordan Taylor,jordan.taylor+100132@example.com,4,Thanks for choosing us,transactional,2025-11-28 02:18:58,,2025-11-28 04:18:58,False,500132.0,2025-12-16,39.61
100133,Taylor Nilsson,taylor.nilsson+100133@example.com,3,Offers tailored just for you,promo,2026-04-30 22:07:17,2026-05-02 18:32:17,,False,,,
100134,Drew Martin,drew.martin+100134@example.com,5,Our monthly newsletter,newsletter,2026-04-16 05:58:24,,,False,500134.0,2026-07-08,54.4
100135,Dakota Eriksson,dakota.eriksson+100135@,4,Thanks for choosing us,transactional,2025-12-17 17:35:37,2025-12-20 07:32:37,,False,,,
100136,Sam Wilson,sam.wilson+100136@example.com,3,Offers tailored just for you,promo,2026-06-01 14:30:33,,,False,,,
100137,Reese Johansson,reese.johansson+100137@example.com,1,Welcome to the club,welcome,2026-10-09 01:21:06,2026-10-11 04:15:06,,False,500137.0,2026-12-23,100.77
100138,Dakota Lewis,dakota.lewis+100138@example.com,3,Offers tailored just for you,promo,2026-06-05 09:57:09,2026-06-07 19:43:09,,False,,,
100139,Drew Hansen,drew.hansen+100139@example.com,3,Offers tailored just for you,promo,2025-03-22 11:15:16,2025-03-25 05:07:16,2025-03-25 12:31:16,False,500139.0,2025-06-01,33.61
100140,Robin Larsson,robin.larsson+100140@example.com,3,Offers tailored just for you,promo,2026-03-22 21:59:59,2026-03-23 01:36:59,,False,,,
100141,Cameron Andersson,cameron.andersson+100141@example.com,2,You almost completed your order,abandoned cart,2025-08-01 06:07:45,2025-08-03 04:32:45,2025-08-03 16:56:45,true,,,
100142,Emerson Brown,emerson.brown+100142@example.com,1,Welcome to the club,welcome,2025-04-21 04:44:06,,,False,500142.0,2025-06-27,28.66
100143,Riley Brown,riley.brown+100143@example.com,4,Thanks for choosing us,transactional,2025-12-19 08:34:13,2025-12-21 04:53:13,,False,500143.0,2025-12-29,33.92
100144,Jordan Nilsson,jordan.nilsson+100144@example.com,2,You almost completed your order,abandoned cart,2026-08-09 23:42:14,2026-08-11 12:53:14,,False,500144.0,2026-10-25,73.96
100145,Parker Wilson,parker.wilson+100145@example.com,3,Offers tailored just for you,promo,2025-06-17 10:29:48,2025-06-19 21:12:48,2025-06-21 19:30:48,False,,,
100146,Reese Clark,reese.clark+100146@example.com,3,Offers tailored just for you,promo,2025-02-05 06:38:27,,,False,500146.0,2025-03-03,53.56
100147,Drew Eriksson,drew.eriksson+100147@example.com,2,You almost completed your order,abandoned cart,2026-08-17 12:59:29,2026-08-17 14:04:29,,False,500147.0,2026-09-02,33.4
100148,Quinn Lewis,quinn.lewis+100148@example.com,2,You almost completed your order,abandoned cart,2026-01-24 13:33:57,2026-01-26 13:56:57,2026-01-26 16:50:57,False,500148.0,2026-03-23,0
100149,Taylor Müller,taylor.müller+100149@example.com,5,Our monthly newsletter,newsletter,2025-11-30 10:26:20,2025-12-02 19:29:20,2025-12-03 23:09:20,False,500149.0,2026-01-10,47.15
100150,Jamie Martin,jamie.martin+100150@example.com,3,Offers tailored just for you,promo,2025-03-10 10:51:36,2025-03-12 22:22:36,,False,500150.0,2025-04-29,76.15
100151,Drew Müller,drew.müller+100151@example.com,2,You almost completed your order,abandoned cart,2025-09-16 16:50:56,2025-09-17 08:26:56,,False,500151.0,2025-10-30,30.38
100152,Robin Nilsson,robin.nilsson+100152@example.com,2,You almost completed your order,abandoned cart,2025-03-21 20:24:55,2025-03-22 17:18:55,,False,,,
100153,Jamie Taylor,jamie.taylor+100153@example.com,4,Thanks for choosing us,transactional,2026-08-09 23:53:22,2026-08-11 20:02:22,,False,,,
100154,Casey Martin,casey.martin+100154@example.com,1,Welcome to the club,welcome,2025-12-31 05:19:21,2026-01-01 18:51:21,,False,500154.0,2026-01-09,37.33
100155,Drew Martin,drew.martin+100155@example.com,4,Thanks for choosing us,transactional,2025-01-30 05:02:59,,,True,,,
100156,Taylor Johansson,taylor.johansson+100156@example.com,5,Our monthly newsletter,newsletter,2026-04-07 10:27:01,2026-04-07 16:05:01,,False,,,
100157,Riley Müller,riley.müller+100157@example.com,5,Our monthly newsletter,newsletter,2026-01-05 10:22:03,,,False,500157.0,2026-02-17,36.03
100158,Taylor Clark,taylor.clark+100158@example.com,2,You almost completed your order,abandoned cart,2025-01-31 09:39:43,2025-02-02 21:40:43,,False,,,
100159,Robin Smith,robin.smith+100159@example,3,Offers tailored just for you,promo,2025-10-28 21:58:05,2025-10-29 05:08:05,,False,,,
100160,Taylor Müller,taylor.müller+100160@example.com,1,Welcome to the club,welcome,2026-03-10 09:11:17,2026-03-11 05:44:17,2026-03-12 21:31:17,False,,,
100161,Robin Hansen,robin.hansen+100161@example.com,4,Thanks for choosing us,transactional,2025-04-11 03:49:59,,,False,500161.0,2025-05-29,0
100162,Sam Nilsson,sam.nilsson+100162@example.com,5,Our monthly newsletter,newsletter,2025-03-14 14:05:22,2025-03-16 15:31:22,2025-03-17 12:37:22,False,500162.0,2025-04-10,52.61
-1,Sam Taylor,sam.taylor+100163@example.com,2,You almost completed your order,abandoned cart,2025-06-25 23:04:06,2025-06-27 15:29:06,,False,500163.0,2025-09-02,51.6
100164,Charlie Berg,charlie.berg+100164@example.com,3,Offers tailored just for you,promo,2026-11-12 17:08:43,2026-11-14 20:36:43,2026-11-15 08:57:43,False,500264.0,,
100165,Finley Karlsson,finley.karlsson+100165@example.com,4,Thanks for choosing us,transactional,2025-02-03 22:29:09,2025-02-05 06:56:09,,False,,,
100166,Parker Lindberg,parker.lindberg+100166@example.com,5,Our monthly newsletter,newsletter,2025-07-05 18:25:26,,,False,500166.0,2025-07-29,44.83
100167,Robin Martin,robin.martin+100167@example.com,4,Thanks for choosing us,transactional,2026-08-21 15:22:27,2026-08-24 00:33:27,,False,,,
100168,Finley Nilsson,finley.nilsson+100168@example.com,3,Offers tailored just for you,promo,2025-02-10 12:42:07,,,False,500168.0,2025-02-23,39.29
100169,Charlie Larsson,charlie.larsson+100169@example.com,3,Offers tailored just for you,promo,2025-03-07 03:32:44,2025-03-10 01:39:44,2025-03-11 07:31:44,False,500169.0,2025-04-04,20.52
100170,Parker Smith,parker.smith+100170@example.com,1,Welcome to the club,welcome,2025-11-19 06:14:20,,,True,500170.0,2025-12-19,35.47
100171,Quinn Johansson,quinn.johansson+100171@example.com,3,Welcome to the club,promo,2025-06-24 09:42:21,,,True,,,
100172,Sam Nilsson,sam.nilsson+100172@example.com,2,You almost completed your order,abandoned cart,2025-01-30 18:01:23,,,False,,,
100173,Casey Taylor,casey.taylor+100173@example.com,4,Thanks for choosing us,transactional,2026-04-23 22:55:22,,,True,500173.0,2026-05-25,37.02
100174,Riley Nilsson,riley.nilsson+100174@example.com,5,Our monthly newsletter,newsletter,2026-07-19 20:38:20,2026-07-21 12:00:20,2026-07-21 20:20:20,False,500174.0,2026-09-10,28.75
100175,Finley Martin,finley.martin+100175@example.com,1,Welcome to the club,welcome,2025-03-28 02:32:27,2025-03-28 04:48:27,,False,500175.0,2025-04-15,40.91
100176,Drew Wilson,drew.wilson+100176@example.com,1,Welcome to the club,welcome,2026-04-23 12:52:52,2026-04-24 14:28:52,nan,False,500176.0,2026-06-08,55.83
100177,Taylor Clark,taylor.clark+100177@example.com,5,Our monthly newsletter,newsletter,2026-01-30 01:16:25,2026-01-30 04:04:25,,False,500177.0,2026-04-21,126.14
100178,Quinn Smith,quinn.smith+100178@example.com,3,Offers tailored just for you,promo,2026-08-04 10:59:27,,,True,,,
100179,Robin Lindberg,robin.lindberg+100179example.com,1,Welcome to the club,welcome,2026-08-23 05:49:40,,,False,500179.0,2026-10-07,49.21
100180,Dakota Müller,dakota.müller+100180@example.com,2,You almost completed your order,abandoned cart,2026-10-07 23:28:23,2026-10-10 16:50:23,,False,,,
100181,Taylor Martin,taylor.martin+100181@example.com,1,Welcome to the club,welcome,2025-08-16 22:09:57,,,False,,,
100182,Sam Hansen,sam.hansen+100182@example.com,5,Our monthly newsletter,newsletter,2025-11-06 07:26:03,2025-11-07 18:03:03,2025-11-09 14:13:03,1,500182.0,2025-12-21,51.5
100183,,jordan.müller+100183@example.com,3,Offers tailored just for you,promo,2025-04-07 16:22:56,2025-04-09 23:00:56,,False,,,
100184,Quinn Müller,quinn.müller+100184@example.com,2,You almost completed your order,abandoned cart,2026-01-21 09:53:54,2026-01-24 08:48:54,2026-01-24 14:27:54,False,,,
100185,Taylor Wilson,taylor.wilson+100185@example.com,5,Our monthly newsletter,newsletter,2026-10-01 17:33:09,2026-10-02 07:35:09,2026-10-04 04:43:09,False,500185.0,2026-11-27,42.91
100186,Finley Wilson,finley.wilson+100186@example.com,2,You almost completed your order,abandoned cart,2026-06-20 18:08:52,2026-06-22 18:18:52,,False,500186.0,2026-09-09,15.56
100187,Jordan Johansson,jordan.johansson+100187@example.com,4,Thanks for choosing us,transactional,2025-10-10 04:36:37,,,False,500187.0,2025-10-13,44.05
100188,Casey Martin,casey.martin+100188@example.com,1,Welcome to the club,welcome,2025-04-09 01:05:53,,,False,500188.0,2025-05-28,46.21
100189,Emerson Berg,emerson.berg+100189@example.com,5,Our monthly newsletter,newsletter,2025-04-30 04:17:40,,,False,500189.0,2025-05-09,173.26
100190,Emerson Nilsson,emerson.nilsson+100190@example.com,5,Our monthly newsletter,newsletter,2025-10-13 00:26:34,2025-10-14 10:32:34,,False,500190.0,2025-11-05,40.21
100191,Reese Clark,reese.clark+100191@example.com,4,Thanks for choosing us,transactional,2026-12-11 13:39:59,2026-12-13 01:13:59,nan,False,500191.0,2027-02-27,52.77
100192,Drew Taylor,drew.taylor+100192@example.com,2,,abandoned cart,2025-04-06 06:07:38,2025-04-07 05:43:38,,False,500192.0,2025-04-17,43.86
100193,Sam Smith,sam.smith+100193@example.com,1,Welcome to the club,welcome,2026-03-04 04:41:23,,,False,,,
100194,Jamie Smith,jamie.smith+100194@example.com,5,Our monthly newsletter,newsletter,2025-06-24 04:10:00,2025-06-24 23:09:00,2025-06-26 08:53:00,False,500194.0,2025-09-02,23.51
100195,Emerson Smith,emerson.smith+100195@example.com,4,Thanks for choosing us,transactional,2026-09-17 05:20:25,2026-09-17 17:08:25,2026-09-18 20:19:25,False,,,
100196,Reese Clark,reese.clark+100196@example.com,4,Thanks for choosing us,transactional,2026-08-21 10:15:59,2026-08-22 03:23:59,,False,,,
100197,,parker.martin+100197@example.com,5,Our monthly newsletter,newsletter,2025-09-25 14:13:15,,,False,500197.0,2025-12-09,83.81
100198,Jamie Nilsson,jamie.nilsson+100198@example.com,4,Thanks for choosing us,transactional,2026-01-26 14:03:37,2026-01-27 07:02:37,,False,500198.0,2026-02-15,67.6
100199,Sam Lindberg,sam.lindberg+100199@example.com,3,Offers tailored just for you,promo,2026-02-08 00:57:21,,,False,500199.0,2026-04-30,69.07
100200,Dakota Svensson,dakota.svensson+100200@example.com,2,You almost completed your order,abandoned cart,2026-05-01 11:15:40,2026-05-04 07:54:40,,False,,,
100201,Emerson Nilsson,emerson.nilsson+100201@example.com,2,You almost completed your order,abandoned cart,2026-05-27 15:40:14,,,False,500201.0,2026-08-07,27.11
100202,Jordan Andersson,jordan.andersson+100202@example.com,1,Welcome to the club,welcome,2025-02-05 07:28:09,,,False,500202.0,2025-03-03,96.69
100203,Emerson Wilson,emerson.wilson+100203@example.com,5,Our monthly newsletter,newsletter,2026-05-12 07:39:33,,,True,,,
100204,Dakota Hansen,dakota.hansen+100204@example.com,3,Offers tailored just for you,promo,2026-01-11 02:44:38,,,False,500204.0,2026-03-10,20.68
100205,Taylor Berg,taylor.berg+100205@example.com,2,You almost completed your order,abandoned cart,2025-12-08 10:50:25,2025-12-10 09:18:25,,False,500205.0,2026-01-17,61.73
100206,Robin Brown,robin.brown+100206example.com,2,You almost completed your order,abandoned cart,2026-08-14 19:49:23,2026-08-16 15:25:23,2026-08-16 23:47:23,False,500206.0,2026-09-14,149.12
100207,Casey Larsson,casey.larsson+100207@example.com,1,Welcome to the club,welcome,2025-08-14 09:56:37,,,False,500207.0,2025-09-03,25.92
100208,Sam Müller,sam.müller+100208@example.com,2,You almost completed your order,abandoned cart,2026-08-16 17:36:48,,,False,500208.0,2026-09-24,32.74
100209,Reese Andersson,reese.andersson+100209@example.com,1,Welcome to the club,welcome,2025-11-02 10:33:56,,,False,500209.0,2025-12-17,47.22
100210,Jordan Berg,jordan.berg+100210@example.com,3,Offers tailored just for you,promo,2026-01-20 09:29:47,,,False,,,
100211,Drew Lewis,drew.lewis+100211@example.com,1,Welcome to the club,welcome,2026-10-21 00:26:15,2026-10-22 12:34:15,,False,,,
100212,Robin Berg,robin.berg+100212@example.com,4,Thanks for choosing us,transactional,2025-02-09 17:38:54,,2025-02-09 19:38:54,False,500212.0,2025-04-20,33.89
100213,Cameron Larsson,cameron.larsson+100213@example.com,2,You almost completed your order,abandoned cart,2025-03-17 02:16:24,,,False,500213.0,2025-05-02,19.05
100214,Casey Eriksson,casey.eriksson+100214@example.com,5,Our monthly newsletter,newsletter,2026-01-31 10:43:53,2026-01-31 16:03:53,2026-02-01 14:48:53,False,500092.0,,
100215,Charlie Martin,charlie.martin+100215@example.com,2,You almost completed your order,abandoned cart,2026-04-16 21:30:54,2026-04-18 17:01:54,2026-04-20 11:07:54,False,,,
100216,Drew Müller,drew.müller+100216@example.com,5,Our monthly newsletter,newsletter,2026-10-06 08:25:59,2026-10-08 01:22:59,,False,500216.0,2026-11-17,46.42
100217,Morgan Wilson,morgan.wilson+100217@example.com,5,Our monthly newsletter,newsletter,2025-08-27 23:31:49,,,False,,,
100218,Alex Taylor,alex.taylor+100218@example.com,3,Offers tailored just for you,promo,2026-05-25 05:06:05,,,False,500218.0,2026-05-31,24.92
100219,Emerson Taylor,emerson.taylor+100219@example.com,2,You almost completed your order,abandoned cart,2026-02-12 04:23:56,2026-02-14 08:19:56,2026-02-16 06:48:56,False,500219.0,2026-04-26,58.0
100220,Morgan Eriksson,morgan.eriksson+100220@example.com,1,Welcome to the club,welcome,2025-12-09 13:33:17,2025-12-10 17:25:17,,False,,,
100221,Reese Berg,reese.berg+100221@example.com,2,You almost completed your order,abandoned cart,2026-02-07 20:57:21,2026-02-10 14:17:21,,False,500221.0,2026-03-01,26.96
100222,Parker Lewis,parker.lewis+100222@example.com,3,Offers tailored just for you,promo,2026-03-01 07:16:15,,,False,,,
100223,Cameron Taylor,cameron.taylor+100223@example.com,2,You almost completed your order,abandoned cart,2025-07-11 11:26:59,2025-07-13 04:06:59,,False,,,
100224,Reese Müller,reese.müller+100224@example.com,4,Thanks for choosing us,transactional,2025-09-28 22:09:44,,,False,,,
100225,Drew Larsson,drew.larsson+100225@example.com,5,Our monthly newsletter,newsletter,2026-06-10 13:09:10,,,False,500225.0,2026-07-24,104.84
100226,Casey Hansen,casey.hansen+100226@example.com,1,Welcome to the club,welcome,2025-08-12 09:49:05,2025-08-14 22:14:05,,False,,,
100227,Riley Eriksson,riley.eriksson+100227@example.com,5,Our monthly newsletter,other,2025-07-30 14:16:48,2025-07-31 09:02:48,2025-08-02 01:06:48,False,500227.0,2025-08-05,29.06
100228,Charlie Lindberg,charlie.lindberg+100228@example.com,2,You almost completed your order,abandoned cart,2025-02-10 18:30:18,2025-02-13 11:01:18,2025-02-13 20:25:18,False,500228.0,2025-04-21,37.44
100229,Jamie Wilson,jamie.wilson+100229@example.com,4,Thanks for choosing us,transactional,2026-01-06 20:17:07,,,False,500229.0,2026-02-11,69.93
100230,Jordan Johansson,jordan.johansson+100230@example.com,5,Our monthly newsletter,newsletter,2025-06-30 08:53:53,,,False,,,
100231,Jamie Wilson,jamie.wilson+100231@example.com,2,You almost completed your order,abandoned cart,2026-12-27 09:34:45,,,False,500231.0,2027-02-28,22.71
100232,Jamie Hansen,jamie.hansen+100232@example.com,1,Welcome to the club,welcome,2025-01-08 04:45:09,2025-01-10 02:31:09,2025-01-11 22:18:09,False,500232.0,2025-03-12,50.66
100233,Casey Clark,casey.clark+100233@example.com,4,Thanks for choosing us,transactional,2025-07-31 22:03:06,2025-08-01 20:16:06,,False,,,
100234,Jamie Andersson,jamie.andersson+100234@example.com,3,Offers tailored just for you,promo,2026-09-07 04:58:39,2026-09-08 07:22:39,2026-09-10 02:59:39,False,,,
100235,Blake Clark,blake.clark+100235@example.com,3,Offers tailored just for you,promo,2025-03-09 08:54:33,2025-03-10 04:07:33,,False,,,
100236,Alex Svensson,alex.svensson+100236@example.com,4,Thanks for choosing us,transactional,2025-07-02 22:26:03,2025-07-04 19:28:03,2025-07-06 10:35:03,False,500236.0,2025-09-23,91.74
100237,Robin Lindberg,robin.lindberg+100237@example.com,1,Welcome to the club,welcome,2026-06-03 16:26:07,2026-06-05 23:49:07,,False,,,
100238,Drew Larsson,drew.larsson+100238@example.com,3,Offers tailored just for you,promo,2025-10-13 11:30:53,2025-10-14 05:46:53,,False,500238.0,2025-12-29,18.47
100239,Robin Wilson,robin.wilson+100239@example.com,5,Our monthly newsletter,newsletter,2026-12-10 23:46:02,2026-12-12 05:37:02,,False,,,
100240,Finley Johansson,finley.johansson+100240@example.com,5,Our monthly newsletter,newsletter,2025-12-13 23:59:09,2025-12-14 15:20:09,2025-12-16 04:44:09,False,,,
100241,Riley Lewis,riley.lewis+100241@example.com,2,You almost completed your order,abandoned cart,2025-05-08 19:11:41,2025-05-09 11:05:41,,False,,,
100242,Reese Johansson,reese.johansson+100242@example.com,5,Our monthly newsletter,newsletter,2025-12-13 00:23:57,2025-12-15 22:29:57,,False,500242.0,2026-02-22,49.48
100243,Parker Hansen,parker.hansen+100243@example.com,1,Welcome to the club,welcome,2025-11-04 13:01:08,2025-11-05 18:48:08,,False,500243.0,2025-12-18,51.57
100244,Taylor Lewis,taylor.lewis+100244@example.com,1,Welcome to the club,welcome,2026-12-27 21:53:09,,,False,500244.0,2027-02-01,68.72
100245,Blake Karlsson,blake.karlsson+100245@example.com,2,You almost completed your order,abandoned cart,2026-08-18 20:03:45,,,False,910245.0,2026-08-18,49.99sek
100246,Robin Brown,robin.brown+100246@example.com,4,Thanks for choosing us,transactional,2026-11-07 10:53:49,2026-11-07 21:52:49,,False,,,
100247,Dakota Nilsson,dakota.nilsson+100247@example.com,3,Offers tailored just for you,promo,2025-04-03 03:28:57,2025-04-03 20:53:57,,False,500247.0,2025-04-03,22.64
100248,Alex Hansen,alex.hansen+100248@example.com,4,Thanks for choosing us,transactional,2026-06-08 02:56:50,2026-06-10 06:45:50,,False,500248.0,2026-07-22,21.62
100249,Casey Svensson,casey.svensson+100249@example.com,2,You almost completed your order,abandoned cart,2026-12-30 02:35:44,,,False,500249.0,2027-03-24,59.56
100250,Blake Andersson,blake.andersson+100250@example.com,2,You almost completed your order,abandoned cart,2025-06-10 01:38:23,2025-06-12 14:37:23,,False,,,
100251,Jordan Lindberg,jordan.lindberg+100251@example.com,1,Welcome to the club,welcome,2025-11-09 10:46:10,2025-11-09 18:30:10,2025-11-10 14:15:10,False,500251.0,2026-01-21,52.63
100252,Sam Müller,sam.müller+100252@example.com,2,You almost completed your order,sale,2025-08-23 09:17:48,,,False,500252.0,2025-10-14,51.3
100253,Drew Svensson,drew.svensson+100253@example.com,1,Welcome to the club,welcome,2026-03-09 09:58:40,,,False,500041.0,,
100254,Blake Lewis,blake.lewis+100254@example.com,4,Thanks for choosing us,transactional,2025-02-06 09:58:58,,,False,,,
100255,Charlie Müller,charlie.müller+100255@example.com,4,Thanks for choosing us,transactional,2025-11-14 02:30:09,2025-11-16 19:11:09,2025-11-17 10:35:09,False,500255.0,2026-02-12,54.08
100256,Casey Martin,casey.martin+100256@example.com,1,Welcome to the club,welcome,2026-03-13 19:38:02,2026-03-14 13:58:02,,False,500256.0,2026-04-24,30.75
100257,Taylor Martin,taylor.martin+100257@example.com,3,Offers tailored just for you,promo,2025-03-13 19:39:13,,,False,500257.0,2025-04-30,50.79
100258,Finley Berg,finley.berg+100258@example.com,1,Welcome to the club,welcome,2025-05-27 03:37:04,2025-05-28 09:16:04,,False,920258.0,2025-05-14,
100259,Sam Hansen,sam.hansen+100259@example.com,1,Welcome to the club,welcome,2025-06-14 12:22:58,,,False,500259.0,2025-08-14,52.52
100260,Avery Eriksson,avery.eriksson+100260@example.com,4,Thanks for choosing us,transactional,2026-12-12 19:11:37,2026-12-14 09:51:37,,False,500260.0,2027-01-26,30.18
100261,Drew Svensson,drew.svensson+100261@example.com,3,Offers tailored just for you,promo,2026-02-03 07:35:35,2026-02-05 23:43:35,,False,500261.0,2026-03-01,124.73
100262,Robin Müller,robin.müller+100262@example.com,4,Thanks for choosing us,transactional,2025-02-05 12:11:51,2025-02-05 16:11:51,2025-02-05 15:11:51,False,,,
100263,Emerson Wilson,emerson.wilson+100263@example.com,3,Offers tailored just for you,promo,2025-04-29 09:09:16,2025-04-30 18:44:16,,False,,,
100264,Sam Svensson,sam.svensson+100264@example.com,4,Thanks for choosing us,transactional,2026-07-17 00:05:51,2026-07-17 23:05:51,,False,500264.0,2026-08-03,58.01
100265,Dakota Taylor,dakota.taylor+100265@example.com,2,You almost completed your order,abandoned cart,2026-12-14 04:14:36,,,False,,,
100266,Charlie Berg,charlie.berg+100266@example.com,1,Welcome to the club,welcome,2026-09-28 08:32:56,,,False,500266.0,2026-12-17,23.21
100267,Avery Johansson,avery.johansson+100267@example.com,2,You almost completed your order,abandoned cart,2025-01-08 02:24:33,2025-01-08 10:41:33,,False,,,
100268,Finley Taylor,finley.taylor+100268@example.com,4,Thanks for choosing us,transactional,2025-01-13 05:15:41,,,True,500268.0,2025-01-14,64.14
100269,Alex Clark,alex.clark+100269@example.com,3,Offers tailored just for you,promo,2026-02-21 02:52:55,2026-02-23 13:41:55,,False,900269.0,2026-02-21,-25.00
100270,Morgan Larsson,morgan.larsson+100270@example.com,5,Our monthly newsletter,newsletter,2025-04-26 15:39:01,2025-04-28 02:08:01,,False,500270.0,2025-06-15,26.15
100271,Taylor Smith,taylor.smith+100271@example.com,4,Thanks for choosing us,transactional,2025-12-23 12:20:17,,,False,500271.0,2026-03-20,68.92
100272,Taylor Berg,taylor.berg+100272@example.com,1,Welcome to the club,welcome,2025-11-11 18:56:06,2025-11-12 02:37:06,,False,,,
100273,Taylor Taylor,taylor.taylor+100273@example.com,4,Thanks for choosing us,transactional,2026-05-16 21:56:32,2026-05-17 10:59:32,,False,,,
100274,Avery Eriksson,avery.eriksson+100274@example.com,5,Our monthly newsletter,newsletter,2026-01-05 07:58:04,,,False,,,
100275,Cameron Lewis,cameron.lewis+100275@example.com,5,Our monthly newsletter,newsletter,2026-05-27 04:02:43,,,True,,,
100276,Sam Andersson,sam.andersson+100276@example.com,2,You almost completed your order,abandoned cart,2026-04-01 23:08:46,,,False,,,
100277,Taylor Hansen,taylor.hansen+100277@example.com,2,You almost completed your order,abandoned cart,2026-03-15 00:56:34,,,False,500277.0,2026-05-23,84.54
100278,Sam Brown,sam.brown+100278@example.com,2,You almost completed your order,abandoned cart,2026-09-06 23:57:08,,,False,500278.0,2026-10-20,28.46
100279,Jordan Larsson,jordan.larsson+100279@example.com,4,Thanks for choosing us,transactional,2025-06-30 07:28:40,2025-07-02 13:39:40,,False,500279.0,2025-09-19,75.93
100280,Cameron Martin,cameron.martin+100280@example.com,4,Thanks for choosing us,transactional,2025-06-27 04:48:28,,,False,500280.0,2025-09-22,56.09
100281,Emerson Brown,emerson.brown+100281@example.com,1,Welcome to the club,welcome,2026-08-23 18:14:37,,,False,,,
100282,Taylor Svensson,taylor.svensson+100282@example.com,2,You almost completed your order,abandoned cart,2025-10-23 03:42:47,2025-10-25 08:55:47,2025-10-25 16:12:47,False,500282.0,2025-12-01,70.26
100283,Parker Smith,parker.smith+100283@example.com,3,Offers tailored just for you,other,2025-03-21 09:43:54,2025-03-23 23:01:54,,False,500283.0,2025-04-03,126.88
100284,Alex Johansson,alex.johansson+100284@example.com,3,Offers tailored just for you,promo,2026-03-07 11:24:21,2026-03-09 07:43:21,,False,500284.0,2026-04-28,39.06
100285,Quinn Johansson,quinn.johansson+100285@example.com,5,Our monthly newsletter,newsletter,2026-12-05 02:17:31,2026-12-08 01:27:31,2026-12-09 03:27:31,False,500285.0,2027-01-08,29.53
100286,Drew Svensson,drew.svensson+100286@example.com,4,Thanks for choosing us,transactional,2025-04-24 08:25:20,2025-04-26 17:56:20,2025-04-26 23:12:20,False,500286.0,2025-05-25,27.41
100287,Reese Eriksson,reese.eriksson+100287@example.com,4,Thanks for choosing us,transactional,2025-03-25 02:06:34,2025-03-27 08:09:34,2025-03-29 02:30:34,False,500287.0,2025-05-06,28.54
100288,Parker Müller,parker.müller+100288@example.com,4,Thanks for choosing us,transactional,2026-09-26 09:33:52,2026-09-27 04:10:52,2026-09-28 21:21:52,False,,,
100289,Riley Taylor,riley.taylor+100289@example.com,3,Offers tailored just for you,promo,2025-05-18 23:23:55,,,False,500289.0,2025-08-14,42.85
100290,Reese Lindberg,reese.lindberg+100290@example.com,3,Offers tailored just for you,promo,2025-10-20 02:10:44,,,False,500290.0,2025-12-31,53.93
100291,Riley Lewis,riley.lewis+100291@example.com,2,You almost completed your order,abandoned cart,2026-06-14 12:02:40,2026-06-17 03:05:40,,False,500291.0,2026-05-28,52.05
100292,Taylor Wilson,taylor.wilson+100292@example.com,4,Thanks for choosing us,transactional,2025-04-19 02:29:12,2025-04-19 23:33:12,,False,,,
100293,Taylor Martin,taylor.martin+100293@example.com,5,Our monthly newsletter,newsletter,2026-01-08 05:34:56,2026-01-10 14:42:56,,False,,,
100294,Robin Lewis,robin.lewis+100294@example.com,5,Our monthly newsletter,newsletter,2026-05-11 16:32:39,2026-05-13 02:27:39,,False,500092.0,2026-08-01,70.45
100295,Finley Berg,finley.berg+100295@example.com,5,Our monthly newsletter,newsletter,2026-05-17 00:15:11,2026-05-18 21:33:11,,False,500295.0,2026-05-18,45.02
100296,Morgan Svensson,morgan.svensson+100296@example.com,2,You almost completed your order,abandoned cart,2026-02-01 15:41:42,2026-02-02 21:53:42,,False,500296.0,2026-04-28,99.43
100297,Emerson Clark,emerson.clark+100297@example.com,2,You almost completed your order,abandoned cart,2025-09-25 22:39:29,2025-09-27 15:01:29,,False,,,
100298,Morgan Nilsson,morgan.nilsson+100298@example.com,3,Offers tailored just for you,promo,2025-08-31 06:03:26,,,False,500298.0,2025-10-14,38.65
100299,Reese Larsson,reese.larsson+100299@example.com,4,Thanks for choosing us,transactional,2026-07-15 18:56:33,2026-07-17 11:57:33,2026-07-17 19:49:33,False,500299.0,2026-08-27,199.56
